{
    "prepare_queue": {
        "installed": [],
        "uninstalled": []
    },
    "config_munge": {
        "files": {
            "config.xml": {
                "parents": {
                    "/*": [
                        {
                            "xml": "<preference name=\"AppName\" value=\"店尚\" />",
                            "count": 1
                        },
                        {
                            "xml": "<preference name=\"loadUrlTimeoutValue\" value=\"60000\" />",
                            "count": 1
                        }
                    ]
                }
            },
            "res/xml/config.xml": {
                "parents": {
                    "/*": [
                        {
                            "xml": "<feature name=\"Device\"><param name=\"android-package\" value=\"org.apache.cordova.device.Device\" /></feature>",
                            "count": 1
                        },
                        {
                            "xml": "<feature name=\"NativeStorage\"><param name=\"android-package\" value=\"NativeStorage\" /></feature>",
                            "count": 1
                        },
                        {
                            "xml": "<feature name=\"Security\"><param name=\"android-package\" value=\"ds.security.Security\" /></feature>",
                            "count": 1
                        },
                        {
                            "xml": "<feature name=\"SplashScreen\"><param name=\"android-package\" value=\"org.apache.cordova.splashscreen.SplashScreen\" /><param name=\"onload\" value=\"true\" /></feature>",
                            "count": 1
                        },
                        {
                            "xml": "<feature name=\"StatusBar\"><param name=\"android-package\" value=\"org.apache.cordova.statusbar.StatusBar\" /><param name=\"onload\" value=\"true\" /></feature>",
                            "count": 1
                        },
                        {
                            "xml": "<feature name=\"Whitelist\"><param name=\"android-package\" value=\"org.apache.cordova.whitelist.WhitelistPlugin\" /><param name=\"onload\" value=\"true\" /></feature>",
                            "count": 1
                        },
                        {
                            "xml": "<feature name=\"Sms\"><param name=\"android-package\" value=\"com.cordova.plugins.sms.Sms\" /></feature>",
                            "count": 1
                        },
                        {
                            "xml": "<feature name=\"Keyboard\"><param name=\"android-package\" value=\"io.ionic.keyboard.IonicKeyboard\" /><param name=\"onload\" value=\"true\" /></feature>",
                            "count": 1
                        },
                        {
                            "xml": "<feature name=\"NetworkStatus\"><param name=\"android-package\" value=\"org.apache.cordova.networkinformation.NetworkManager\" /></feature>",
                            "count": 1
                        },
                        {
                            "xml": "<feature name=\"JPushPlugin\"><param name=\"android-package\" value=\"cn.jpush.phonegap.JPushPlugin\" /></feature>",
                            "count": 1
                        },
                        {
                            "xml": "<feature name=\"InAppBrowser\"><param name=\"android-package\" value=\"org.apache.cordova.inappbrowser.InAppBrowser\" /></feature>",
                            "count": 1
                        },
                        {
                            "xml": "<feature name=\"CallNumber\"><param name=\"android-package\" value=\"mx.ferreyra.callnumber.CFCallNumber\" /></feature>",
                            "count": 1
                        },
                        {
                            "xml": "<feature name=\"HotCodePush\"><param name=\"android-package\" value=\"com.nordnetab.chcp.main.HotCodePushPlugin\" /><param name=\"onload\" value=\"true\" /></feature>",
                            "count": 1
                        },
                        {
                            "xml": "<feature name=\"Camera\"><param name=\"android-package\" value=\"org.apache.cordova.camera.CameraLauncher\" /></feature>",
                            "count": 1
                        }
                    ],
                    "/widget": []
                }
            },
            "AndroidManifest.xml": {
                "parents": {
                    "/*": [
                        {
                            "xml": "<uses-permission android:name=\"android.permission.CALL_PHONE\" />",
                            "count": 1
                        },
                        {
                            "xml": "<uses-feature android:name=\"android.hardware.telephony\" android:required=\"false\" />",
                            "count": 1
                        },
                        {
                            "xml": "<uses-permission android:name=\"android.permission.WRITE_EXTERNAL_STORAGE\" />",
                            "count": 1
                        }
                    ],
                    "/manifest": [
                        {
                            "xml": "<uses-permission android:name=\"android.permission.SEND_SMS\" />",
                            "count": 1
                        },
                        {
                            "xml": "<uses-permission android:name=\"android.permission.READ_PHONE_STATE\" />",
                            "count": 2
                        },
                        {
                            "xml": "<uses-feature android:name=\"android.hardware.telephony\" android:required=\"false\" />",
                            "count": 1
                        },
                        {
                            "xml": "<uses-permission android:name=\"android.permission.WRITE_EXTERNAL_STORAGE\" />",
                            "count": 2
                        },
                        {
                            "xml": "<uses-permission android:name=\"com.born.boss.permission.JPUSH_MESSAGE\" />",
                            "count": 1
                        },
                        {
                            "xml": "<uses-permission android:name=\"android.permission.RECEIVE_USER_PRESENT\" />",
                            "count": 1
                        },
                        {
                            "xml": "<uses-permission android:name=\"android.permission.INTERNET\" />",
                            "count": 2
                        },
                        {
                            "xml": "<uses-permission android:name=\"android.permission.WAKE_LOCK\" />",
                            "count": 1
                        },
                        {
                            "xml": "<uses-permission android:name=\"android.permission.READ_EXTERNAL_STORAGE\" />",
                            "count": 1
                        },
                        {
                            "xml": "<uses-permission android:name=\"android.permission.VIBRATE\" />",
                            "count": 1
                        },
                        {
                            "xml": "<uses-permission android:name=\"android.permission.MOUNT_UNMOUNT_FILESYSTEMS\" />",
                            "count": 1
                        },
                        {
                            "xml": "<uses-permission android:name=\"android.permission.ACCESS_NETWORK_STATE\" />",
                            "count": 2
                        },
                        {
                            "xml": "<uses-permission android:name=\"android.permission.SYSTEM_ALERT_WINDOW\" />",
                            "count": 1
                        },
                        {
                            "xml": "<uses-permission android:name=\"android.permission.WRITE_SETTINGS\" />",
                            "count": 1
                        },
                        {
                            "xml": "<permission android:name=\"com.born.boss.permission.JPUSH_MESSAGE\" android:protectionLevel=\"signature\" />",
                            "count": 1
                        },
                        {
                            "xml": "<uses-permission android:name=\"android.permission.ACCESS_WIFI_STATE\" />",
                            "count": 1
                        }
                    ],
                    "/manifest/application": [
                        {
                            "xml": "<activity android:configChanges=\"orientation|keyboardHidden\" android:name=\"cn.jpush.android.ui.PushActivity\" android:theme=\"@android:style/Theme.Translucent.NoTitleBar\"><intent-filter><action android:name=\"cn.jpush.android.ui.PushActivity\" /><category android:name=\"android.intent.category.DEFAULT\" /><category android:name=\"com.born.boss\" /></intent-filter></activity>",
                            "count": 1
                        },
                        {
                            "xml": "<activity android:exported=\"false\" android:name=\"cn.jpush.android.ui.PopWinActivity\" android:theme=\"@style/MyDialogStyle\"></activity>",
                            "count": 1
                        },
                        {
                            "xml": "<service android:enabled=\"true\" android:exported=\"false\" android:name=\"cn.jpush.android.service.DownloadService\"></service>",
                            "count": 1
                        },
                        {
                            "xml": "<service android:enabled=\"true\" android:exported=\"false\" android:name=\"cn.jpush.android.service.PushService\"><intent-filter><action android:name=\"cn.jpush.android.intent.REGISTER\" /><action android:name=\"cn.jpush.android.intent.REPORT\" /><action android:name=\"cn.jpush.android.intent.PushService\" /><action android:name=\"cn.jpush.android.intent.PUSH_TIME\" /></intent-filter></service>",
                            "count": 1
                        },
                        {
                            "xml": "<receiver android:enabled=\"true\" android:name=\"cn.jpush.android.service.PushReceiver\"><intent-filter android:priority=\"1000\"><action android:name=\"cn.jpush.android.intent.NOTIFICATION_RECEIVED_PROXY\" /><category android:name=\"com.born.boss\" /></intent-filter><intent-filter><action android:name=\"android.intent.action.USER_PRESENT\" /><action android:name=\"android.net.conn.CONNECTIVITY_CHANGE\" /></intent-filter><intent-filter><action android:name=\"android.intent.action.PACKAGE_ADDED\" /><action android:name=\"android.intent.action.PACKAGE_REMOVED\" /></intent-filter></receiver>",
                            "count": 1
                        },
                        {
                            "xml": "<service android:enabled=\"true\" android:exported=\"true\" android:name=\"cn.jpush.android.service.DaemonService\"><intent-filter><action android:name=\"cn.jpush.android.intent.DaemonService\" /><category android:name=\"com.born.boss\" /></intent-filter></service>",
                            "count": 1
                        },
                        {
                            "xml": "<receiver android:enabled=\"true\" android:name=\"cn.jpush.phonegap.MyReceiver\"><intent-filter android:priority=\"1000\"><action android:name=\"cn.jpush.android.intent.NOTIFICATION_RECEIVED_PROXY\" /><category android:name=\"com.born.boss\" /></intent-filter><intent-filter><action android:name=\"cn.jpush.android.intent.REGISTRATION\" /><action android:name=\"cn.jpush.android.intent.UNREGISTRATION\" /><action android:name=\"cn.jpush.android.intent.MESSAGE_RECEIVED\" /><action android:name=\"cn.jpush.android.intent.NOTIFICATION_RECEIVED\" /><action android:name=\"cn.jpush.android.intent.NOTIFICATION_OPENED\" /><action android:name=\"cn.jpush.android.intent.ACTION_RICHPUSH_CALLBACK\" /><category android:name=\"com.born.boss\" /></intent-filter></receiver>",
                            "count": 1
                        },
                        {
                            "xml": "<receiver android:name=\"cn.jpush.android.service.AlarmReceiver\" />",
                            "count": 1
                        },
                        {
                            "xml": "<meta-data android:name=\"JPUSH_CHANNEL\" android:value=\"developer-default\" />",
                            "count": 1
                        },
                        {
                            "xml": "<meta-data android:name=\"JPUSH_APPKEY\" android:value=\"cfae909b03f61b27f0ca1ff1\" />",
                            "count": 1
                        }
                    ],
                    "application": [
                        {
                            "xml": "<provider android:authorities=\"${applicationId}.provider\" android:exported=\"false\" android:grantUriPermissions=\"true\" android:name=\"android.support.v4.content.FileProvider\"><meta-data android:name=\"android.support.FILE_PROVIDER_PATHS\" android:resource=\"@xml/provider_paths\" /></provider>",
                            "count": 1
                        }
                    ]
                }
            }
        }
    },
    "installed_plugins": {
        "cordova-plugin-app-name": {
            "APP_NAME": "店尚",
            "PACKAGE_NAME": "com.born.boss"
        },
        "cordova-plugin-device": {
            "PACKAGE_NAME": "com.born.boss"
        },
        "cordova-plugin-console": {
            "PACKAGE_NAME": "com.born.boss"
        },
        "cordova-plugin-nativestorage": {
            "PACKAGE_NAME": "com.born.boss"
        },
        "cordova-plugin-security": {
            "PACKAGE_NAME": "com.born.boss"
        },
        "cordova-plugin-splashscreen": {
            "PACKAGE_NAME": "com.born.boss"
        },
        "cordova-plugin-statusbar": {
            "PACKAGE_NAME": "com.born.boss"
        },
        "cordova-plugin-whitelist": {
            "PACKAGE_NAME": "com.born.boss"
        },
        "cordova-sms-plugin": {
            "PACKAGE_NAME": "com.born.boss"
        },
        "ionic-plugin-keyboard": {
            "PACKAGE_NAME": "com.born.boss"
        },
        "cordova-plugin-network-information": {
            "PACKAGE_NAME": "com.born.boss"
        },
        "jpush-phonegap-plugin": {
            "API_KEY": "cfae909b03f61b27f0ca1ff1",
            "PACKAGE_NAME": "com.born.boss"
        },
        "cordova-plugin-inappbrowser": {
            "PACKAGE_NAME": "com.born.boss"
        },
        "mx.ferreyra.callnumber": {
            "PACKAGE_NAME": "com.born.boss"
        },
        "cordova-hot-code-push-plugin": {
            "PACKAGE_NAME": "com.born.boss"
        },
        "cordova-plugin-compat": {
            "PACKAGE_NAME": "com.born.boss"
        },
        "cordova-plugin-camera": {
            "PACKAGE_NAME": "com.born.boss"
        }
    },
    "dependent_plugins": {},
    "modules": [
        {
            "id": "cordova-plugin-device.device",
            "file": "plugins/cordova-plugin-device/www/device.js",
            "pluginId": "cordova-plugin-device",
            "clobbers": [
                "device"
            ]
        },
        {
            "id": "cordova-plugin-nativestorage.mainHandle",
            "file": "plugins/cordova-plugin-nativestorage/www/mainHandle.js",
            "pluginId": "cordova-plugin-nativestorage",
            "clobbers": [
                "NativeStorage"
            ]
        },
        {
            "id": "cordova-plugin-nativestorage.LocalStorageHandle",
            "file": "plugins/cordova-plugin-nativestorage/www/LocalStorageHandle.js",
            "pluginId": "cordova-plugin-nativestorage"
        },
        {
            "id": "cordova-plugin-nativestorage.NativeStorageError",
            "file": "plugins/cordova-plugin-nativestorage/www/NativeStorageError.js",
            "pluginId": "cordova-plugin-nativestorage"
        },
        {
            "id": "cordova-plugin-security.Security",
            "file": "plugins/cordova-plugin-security/www/Security.js",
            "pluginId": "cordova-plugin-security",
            "clobbers": [
                "Security"
            ]
        },
        {
            "id": "cordova-plugin-splashscreen.SplashScreen",
            "file": "plugins/cordova-plugin-splashscreen/www/splashscreen.js",
            "pluginId": "cordova-plugin-splashscreen",
            "clobbers": [
                "navigator.splashscreen"
            ]
        },
        {
            "id": "cordova-plugin-statusbar.statusbar",
            "file": "plugins/cordova-plugin-statusbar/www/statusbar.js",
            "pluginId": "cordova-plugin-statusbar",
            "clobbers": [
                "window.StatusBar"
            ]
        },
        {
            "id": "cordova-sms-plugin.Sms",
            "file": "plugins/cordova-sms-plugin/www/sms.js",
            "pluginId": "cordova-sms-plugin",
            "clobbers": [
                "window.sms"
            ]
        },
        {
            "id": "ionic-plugin-keyboard.keyboard",
            "file": "plugins/ionic-plugin-keyboard/www/android/keyboard.js",
            "pluginId": "ionic-plugin-keyboard",
            "clobbers": [
                "cordova.plugins.Keyboard"
            ],
            "runs": true
        },
        {
            "id": "cordova-plugin-network-information.network",
            "file": "plugins/cordova-plugin-network-information/www/network.js",
            "pluginId": "cordova-plugin-network-information",
            "clobbers": [
                "navigator.connection",
                "navigator.network.connection"
            ]
        },
        {
            "id": "cordova-plugin-network-information.Connection",
            "file": "plugins/cordova-plugin-network-information/www/Connection.js",
            "pluginId": "cordova-plugin-network-information",
            "clobbers": [
                "Connection"
            ]
        },
        {
            "id": "jpush-phonegap-plugin.JPushPlugin",
            "file": "plugins/jpush-phonegap-plugin/www/JPushPlugin.js",
            "pluginId": "jpush-phonegap-plugin",
            "clobbers": [
                "JPush"
            ]
        },
        {
            "id": "cordova-plugin-inappbrowser.inappbrowser",
            "file": "plugins/cordova-plugin-inappbrowser/www/inappbrowser.js",
            "pluginId": "cordova-plugin-inappbrowser",
            "clobbers": [
                "cordova.InAppBrowser.open",
                "window.open"
            ]
        },
        {
            "id": "mx.ferreyra.callnumber.CallNumber",
            "file": "plugins/mx.ferreyra.callnumber/www/CallNumber.js",
            "pluginId": "mx.ferreyra.callnumber",
            "clobbers": [
                "call"
            ]
        },
        {
            "id": "cordova-hot-code-push-plugin.chcp",
            "file": "plugins/cordova-hot-code-push-plugin/www/chcp.js",
            "pluginId": "cordova-hot-code-push-plugin",
            "clobbers": [
                "chcp"
            ]
        },
        {
            "id": "cordova-plugin-camera.Camera",
            "file": "plugins/cordova-plugin-camera/www/CameraConstants.js",
            "pluginId": "cordova-plugin-camera",
            "clobbers": [
                "Camera"
            ]
        },
        {
            "id": "cordova-plugin-camera.CameraPopoverOptions",
            "file": "plugins/cordova-plugin-camera/www/CameraPopoverOptions.js",
            "pluginId": "cordova-plugin-camera",
            "clobbers": [
                "CameraPopoverOptions"
            ]
        },
        {
            "id": "cordova-plugin-camera.camera",
            "file": "plugins/cordova-plugin-camera/www/Camera.js",
            "pluginId": "cordova-plugin-camera",
            "clobbers": [
                "navigator.camera"
            ]
        },
        {
            "id": "cordova-plugin-camera.CameraPopoverHandle",
            "file": "plugins/cordova-plugin-camera/www/CameraPopoverHandle.js",
            "pluginId": "cordova-plugin-camera",
            "clobbers": [
                "CameraPopoverHandle"
            ]
        }
    ],
    "plugin_metadata": {
        "cordova-plugin-app-name": "1.0.0",
        "cordova-plugin-device": "1.1.3",
        "cordova-plugin-console": "1.0.4",
        "cordova-plugin-nativestorage": "2.0.2",
        "cordova-plugin-security": "0.0.1",
        "cordova-plugin-splashscreen": "4.0.0",
        "cordova-plugin-statusbar": "2.2.0",
        "cordova-plugin-whitelist": "1.3.0",
        "cordova-sms-plugin": "0.1.11",
        "ionic-plugin-keyboard": "2.2.1",
        "cordova-plugin-network-information": "1.3.1",
        "jpush-phonegap-plugin": "3.0.1",
        "cordova-plugin-inappbrowser": "1.5.0",
        "mx.ferreyra.callnumber": "0.0.2",
        "cordova-hot-code-push-plugin": "1.5.2",
        "cordova-plugin-compat": "1.1.0",
        "cordova-plugin-camera": "2.3.1"
    }
}